item_id,meeting,agenda_no,matter_file,stage,places,largest_amount,title,relevant,reason
oakland-238425,2026-07-21 * Concurrent Meeting of the Oakland Redevelopment,S6.37,26-0886,action,,3955404,"Subject: Professional Services Contract Amendment With Alta Planning And Design, Inc. For 7th Street Connection Project From: Department Of Transportation Recommendation: Adopt A Resolution Authorizing The City Administrator To Amend The Professional Services Contract With Alta Planning + Design, Inc. For The 7th Street Connection Project By Increasing The Contract Amount By Seven Hundred Forty-Seven Thousand Two Hundred Eighty Eight Dollars ($747,288), For A Total Contract Amount Not To Exceed Three Million Nine Hundred Fifty-Five Thousand Four Hundred Four Dollars ($3,955,404), Extending The Contract Expiration Date To December 31, 2030, Waiving, To The Extent Required, Further Advertising, Competitive Bidding, Or Competitive Selection Requirements Under Oakland Municipal Code Sections 2.04.050 And 2.04.051, And Adopting Appropriate California Environmental Quality Act Findings",y,Rebuilds 7th Street with a $3.9M contract; visible street work neighbours live with for months.
oakland-238424,2026-07-21 * Concurrent Meeting of the Oakland Redevelopment,S6.36,26-0854,action,,,Subject: City Response To 2025-2026 Alameda County Civil Grand Jury Report From: Office Of The City Administrator And Council President Jenkins Recommendation: Adopt A Resolution Authorizing The Council President To Submit A Response On Behalf Of The City Council To The 2025-2026 Alameda County Civil Grand Jury Report,n,Procedural response to a county Grand Jury report; no local action follows.
oakland-238243,2026-07-21 * Concurrent Meeting of the Oakland Redevelopment,6.13,26-0864,consent,,,Subject: Resolution In Support Of AB 1588 (Stefani) From: Councilmember Wang Recommendation: Adopt A Resolution In Support Of Assembly Bill 1588 (Stefani) - Vehicles: Sideshow Enhancements,n,"Position letter on a state bill; council takes no local action, though sideshows are a neighbourhood issue."
oakland-237787,2026-07-14 * Public Works And Transportation Committee,1,26-0835,unknown,,,"Approval Of The Draft Minutes From The Committee Meeting Of June 23, 2026",n,Routine approval of prior meeting minutes.
oakland-238420,2026-07-21 * Concurrent Meeting of the Oakland Redevelopment,S5.2,26-0813,action,,1750000,"Subject: Collision Repair Contracts For Light And Heavy Vehicles From: Oakland Public Works Department Recommendation: Adopt A Resolution Authorizing The City Administrator To Award Contracts To (1) Ron Dupratt Ford Inc In An Amount Not-To-Exceed One Million Four Hundred Thousand Dollars ($1,400,000), To Provide Collision Repair And Body Shop Services For Light Vehicles For A Three-Year Term (September 1, 2026 To September 1, 2029), And Two One-Year Options To Renew, In Response To RFQ 406535; (2) Quality Body & Fender In An Amount Not-To-Exceed One Million Fifty Thousand Dollars ($1,050,000), To Provide Collision Repair And Body Shop Services For Light Vehicles For A Three-Year Term (September 1, 2026 To September 1, 2029), And Two One-Year Options To Renew, In Response To RFQ 406535; (3) Falcon Collision Repair Inc In An Amount Not-To-Exceed Five Hundred Twenty-Five Thousand Dollars ($525,000), To Provide Collision Repair And Body Shop Services For Light Vehicles For A Three-Year Term (September 1, 2026 To September 1, 2029), And Two One-Year Options To Renew, In Response To RFQ 406535; (4) Moeller Bros. Body Shop In An Amount Not-To-Exceed Five Hundred Twenty-Five Thousand Dollars ($525,000), To Provide Collision Repair And Body Shop Services For Light Vehicles For A Three-Year Term (September 1, 2026 To September 1, 2029), And Two One-Year Options To Renew, In Response To RFQ 406535; (5) Moeller Bros. Body Shop In An Amount Not-To-Exceed One Million Seven Hundred Fifty Thousand Dollars ($1,750,000), To Provide Collision Repair And Body Shop Services For Heavy Vehicles For A Three-Year Term (September 1, 2026 To 2 September 1, 2029), And Two One-Year Options To Renew, In Response To RFQ 406529; (6) Falcon Collision Repair Inc In An Amount Not-To-Exceed One Million Seven Hundred Fifty Thousand Dollars ($1,750,000), To Provide Collision Repair And Body Shop Services For Heavy Vehicles For A Three-Year Term (September 1, 2026 To September 1, 2029), And Two One-Year Options To Renew, In Response To RFQ 406529; (7) Making Findings Under Oakland Municipal Code Sections 2.04.050 And 2.04.051 And Waiving Any Further Formal Advertising And Bidding Requirements To The Extent Necessary; And (8) And Adopt Appropriate California Environmental Quality Act (CEQA) Findings",n,Internal fleet maintenance contract; residents never see it.
oakland-238394,2026-07-16 *Rules & Legislation Committee,3.37,26-0871,action,,,Subject: MOU Between The City of Oakland And The California Highway Patrol From: Oakland Police Department Recommendation: Adopt A Resolution Authorizing The City Administrator To Enter Into A Memorandum Of Understanding (MOU) With The California Highway Patrol To Submit Vehicle Accident Reports Electronically Pursuant To Vehicle Code Section 20008,n,Administrative MOU on filing accident reports electronically.
oakland-238391,2026-07-16 *Rules & Legislation Committee,3.34,26-0856,action,,324324,"Subject: OPD FY 2025 Edward Byrne Memorial Justice Assistance Grant From: Oakland Police Department Recommendation: Adopt A Resolution Authorizing The City Administrator To Apply For, Accept, And Appropriate Edward Byrne Memorial Justice Assistance Grant (JAG) Funds Up To Three Hundred Twenty-Four Thousand, Three Hundred Twenty-Four Dollars ($324,324.00) For The Fiscal Year 2025 Grant Award Period Of October 1, 2025 Through September 30, 2028, To Support Department-Wide Training, Equipment, Technology, And Operational Enhancements",n,"Grant acceptance funding internal police operations, not a visible local service."
oakland-238256,2026-07-21 * Concurrent Meeting of the Oakland Redevelopment,5.1,26-0903,action,,,"Subject: Selection Panel Nominations For Police Commissioner Appointment From: Office Of The City Administrator Recommendation: Adopt One Of The Following Pieces Of Legislations: 1) A Resolution Accepting The Police Commission Selection Panel’s Slate Of Two Commissioners, Ricardo Garcia-Acosta And Joey Harrison, To Serve On The Oakland Police Commission; Or",n,"Commission appointment slate; personnel, not policy."
oakland-238409,2026-07-16 *Rules & Legislation Committee,3.7,26-0913,informational,,,"Subject: Operational And Financial Status Of City Owned Parking Garages From: Finance Department Recommendation: Receive An Informational Report On The Operational And Financial Status Of City-Owned Parking Garages, Evaluation Of Parking Operator Performance, And Review Of The City's Parking Operations Alternative; On The September 22, 2026 Finance And Management Committee Agenda",n,"Informational report on citywide parking finances; no decision, no location."
oakland-238017,2026-07-14 *Finance & Management Committee,4,26-0851,informational,,,"Subject: One Year Update To FY 2026-30 Oakland Roadmap From: Office Of The City Administrator Recommendation: Receive An Informational Report On The One Year Update To The FY 2026-30 Oakland Roadmap To Fiscal Health, A Plan To Address Mid- And Long-Term City Financial Challenges",n,Informational fiscal planning update; no local action.
oakland-238445,2026-07-21 * Concurrent Meeting of the Oakland Redevelopment,S6.25,26-0905,action,7000 Coliseum Way; Coliseum,60000000,"Subject: Second Amendment To Coliseum Complex Sale Agreement From: Economic And Workforce Development Department And Finance Department Recommendation: Adopt An Ordinance (1) Authorizing The City Administrator To Amend The Purchase And Sale Agreement Of The City Of Oakland’s Undivided 50% Interest In The Coliseum Complex Located At 7000 Coliseum Way, Oakland, California, To Allow The Simultaneous Sale Of The Arena Parcel For The Lump Sum Payment Of $50 Million And The Stadium Parcel For $60 Million With Seller Financing From The City, Crediting The $5 Million Deposit Held By The City Prior To The Sale; (2) Authorizing The City Administrator To Negotiate And Execute An Agreement Pursuant Which The Buyers Agree To Pay To The City 6% Of The Annual Gross Ticket Sales For Any Event At The Arena Parcel And The Stadium Parcel Less Applicable Taxes; (3) Amending Ordinance No. 13801 C.M.S. Conditioning The Sale To Require Development Of On-Site, Affordable Housing And Other Benefits To Solely The Sale Of The City’s Interest In The Stadium Parcel; (4) Authorizing The City Administrator To Facilitate Closing Prior To December 31, 2026 By Redirecting To The Buyer Of The Stadium Parcel A Portion Of The Pro Rata Share Of The City’s Annual Subsidy Of The Stadium Parcel Based On A Per Day Amount Of $16,438.36 Limited To The Period Between The Stadium Parcel Closing And December 31, 2026; And (5) Adopting California Environmental Quality Act Findings",y,$60M sale of the city's half of the Coliseum complex at 7000 Coliseum Way; the largest land decision on the agenda.
oakland-238168,2026-07-23 *Rules and Legislation Committee - CANCELLED,1,26-0843,unknown,,,"Approval Of The Draft Minutes From The Committee Meeting Of July 9, 2026",n,Routine approval of prior meeting minutes.
oakland-238273,2026-07-21 * Concurrent Meeting of the Oakland Redevelopment,6.23,26-0907,consent,,,Subject: Encampment Management And Abatement Operations From: Councilmember Houston Recommendation: Receive An Informational Report From The Encampment Management Abatement Team (EMAT) On Encampment Management Abatement Operations,y,Encampment abatement operations directly change conditions on specific blocks.
oakland-238407,2026-07-16 *Rules & Legislation Committee,3.1,26-0910,action,Grand Avenue,,"Subject: Grand Performance Mural From: Councilmember Wang Recommendation: Adopt A Resolution Authorizing The City Administrator To: (1) Enter Into An Agreement With The State Of California Department Of Transportation For The Sponsorship And Maintenance Of The “Grand Performance Mural” Restoration Project Located At The Grand Avenue Underpass Of Interstate 580 In Oakland; And (2) Enter Into An Agreement With SOA Village Housing Inc. (EVOAK!) For The Restoration Of The Mural And Ongoing Maintenance, In Coordination With Artists Daniel Galvez And Keith Sklar",y,Mural restoration at Grand Avenue; a visible neighbourhood amenity tied to one location.
oakland-238193,2026-07-21 * Concurrent Meeting of the Oakland Redevelopment,6.2,26-0890,consent,,,"Subject: Declaration Of A Local Emergency Due To AIDS Epidemic From: Office Of The Council President Recommendation: Adopt A Resolution Renewing And Continuing The City Council's Declaration Of A Local Emergency Due To The Existence Of A Critical Public Health Crisis With Regard To The Human Immunodeficiency Virus (""HIV"")/Acquired Immunodeficiency Syndrome (""AIDS"") Epidemic",n,Routine renewal of a standing emergency declaration; recurs every meeting.
oakland-238423,2026-07-21 * Concurrent Meeting of the Oakland Redevelopment,S6.35,26-0846,action,West Oakland,400000,"Subject: REAP 2.0 HIT Funds For The West Oakland UBM Pilot From: Department Of Transportation Recommendation: Adopt A Resolution Authorizing The City Administrator To Finalize And Execute A Purchase Agreement With The Metropolitan Transportation Commission, As Administrator Of The Clipper Regional Transit Fare-Payment Program, In An Amount Not To Exceed Four Hundred Thousand Dollars ($400,000), Using Previously Appropriated Regional Early Action Planning 2.0 Higher Impact Transformative Grant Funds, To Purchase And Distribute Approximately 1,000 Prepaid Clipper Cards For The West Oakland Universal Basic Mobility Pilot; And Making Findings To Waive The City’s Formal Advertising, Competitive Bidding, And Request For Proposals/Qualifications",y,Transit fare pilot targeted at West Oakland; names the neighbourhood and spends $400K there.
oakland-238419,2026-07-21 * Concurrent Meeting of the Oakland Redevelopment,S6.32,26-0819,action,,364685,"Subject: Municipal Facility Energy Assessments Professional Services Agreement Award From: Oakland Public Works Department Recommendation: Adopt A Resolution Authorizing The City Administrator To Award And Execute A Professional Services Agreement With KW Engineering For Energy Assessment And Consulting Services In An Amount Not To Exceed Three Hundred Sixty-Four Thousand Six Hundred Eighty-Five Dollars ($364,685) For The Municipal Facility Energy Assessments Project (No. 1008000), And Adopting Appropriate California Environmental Quality Act Findings",n,Energy assessments of municipal buildings; internal facilities work.
oakland-238393,2026-07-16 *Rules & Legislation Committee,3.36,26-0863,action,,,Subject: OPD Surveillance Technology 2025 Annual Reports From: Oakland Police Department Recommendation: Adopt A Resolution: (1) Accepting The 2025 Annual Reports For The Following City Of Oakland Police Department Surveillance Technologies: (A) Automated License Plate Readers; (B) Crime Lab Biometrics DNA Analysis Technology; (C) Forward Looking Infrared (FLIR); (D) Live Stream Transmitter; (E) Unmanned Aerial System (UAS Or Drone) ; (F) Forensic Logic CopLink/Crimetracer System; (G) Pen Register; And (H) Cellebrite; And (2) Making A Determination Regarding Whether The City Should Continue To Use Each Of These Technologies,y,Sets policy on licence plate readers and biometric surveillance used on residents citywide.
oakland-238200,2026-07-21 * Concurrent Meeting of the Oakland Redevelopment,6.10,26-0737,consent,319 Chester Street; West Oakland,,"Subject: Sale Of 319 Chester Street From: Housing And Community Development Department Recommendation: Adopt An Ordinance Amending Ordinance No. 13104 C.M.S., Which Authorized The Sale Of A City-Owned Parcel At 319 Chester Street To The Alliance For West Oakland Development, Authorized Seller Financing For The Purchase Price, Authorized A Construction Loan, And Authorized A Disposition And Development Agreement With The Developer To Develop The Parcel With A Two Family Home For-Sale, To (1) Convert The Project Into An Affordable Rental Project, And (2) Consolidate The City Purchase And Construction Loans Into A Long Term Affordable Rental Loan",y,Sale of a city-owned parcel at 319 Chester Street in West Oakland; exactly what neighbours organise about.
oakland-238405,2026-07-16 *Rules & Legislation Committee,3.3,26-0912,action,Coliseum,,Subject: Coliseum Payment Allocation From: Finance Department Recommendation: Adopt A Resolution Appropriating And Allocating Fifty Million Dollars Of The Proceeds Of The Sale Of The City Of Oakland’s Undivided Fifty Percent Interest In The Coliseum Complex To California Public Employees Retirement System For A Discretionary Payment Of City’s Unfunded Accrued Liability For Retirement Benefits,n,Allocates Coliseum sale proceeds to the pension fund; internal finance with no local effect.
oakland-238375,2026-07-16 *Rules & Legislation Committee,3.20,26-0854,action,,,Subject: City Response To 2025-2026 Alameda County Civil Grand Jury Report From: Office Of The City Administrator And Council President Jenkins Recommendation: Adopt A Resolution Authorizing The Council President To Submit A Response On Behalf Of The City Council To The 2025-2026 Alameda County Civil Grand Jury Report,n,Duplicate of the Grand Jury response; procedural.
oakland-237931,2026-07-16 *Rules & Legislation Committee,2,26-0844,unknown,,,Determination Of Schedule Of Outstanding Committee Items,n,Committee scheduling housekeeping.
oakland-238386,2026-07-16 *Rules & Legislation Committee,3.30,26-0884,action,,3202298,"Subject: Oakland Paratransit For The Elderly And Disabled Program (OPED) Measure BB Funds For FY 26-27 From: Human Services Department Recommendation: Adopt Resolution (1) Accepting And Appropriating Direct Local Program Distribution Measure BB Funds In The Amount Of $3,202,298 For Fiscal Year (FY) 2026-2027 From The Alameda County Transportation Commission For Oakland Paratransit For The Elderly And Disabled Program To Provide Access To Specialized Transportation Services; (2) Awarding Reimbursement Agreements For Paratransit Services For FY 2026-2027 In The Amounts Of $900,000 (Five Rivers Transit Solutions, Inc.), $600,000 (Quality Transit, LLC.), $350,000 (Bay Area Charters, Inc.), $25,000 (One Access Medical Transportation), And $75,000 (GoGo Technologies, Inc.); (3) Awarding Grant Agreements In The Amount Of $50,000 (City Of Emeryville) For Paratransit Services And $300,000 (Service Opportunity For Seniors) For Meal Delivery Services To Isolated And Dependent Elderly And Disabled Persons; And (4) Authorizing The City Administrator To Accept And Appropriate Any Additional Direct Local Distribution Funds That May Become Available For Fy 2026-2027 And Amend The Aforementioned Agreements To Increase The Amounts Within The Limits Of The Funding",y,Funds paratransit for elderly and disabled residents; a service people use directly.
oakland-238169,2026-07-23 *Rules and Legislation Committee - CANCELLED,2,26-0887,unknown,,,Determination Of Schedule Of Outstanding Committee Items,n,Committee scheduling housekeeping.
oakland-238364,2026-07-16 *Rules & Legislation Committee,3.9,26-0851,informational,,,"Subject: One Year Update To FY 2026-30 Oakland Roadmap From: Office Of The City Administrator Recommendation: Receive An Informational Report On The One Year Update To The FY 2026-30 Oakland Roadmap To Fiscal Health, A Plan To Address Mid- And Long-Term City Financial Challenges",n,Duplicate informational fiscal update.
oakland-238421,2026-07-21 * Concurrent Meeting of the Oakland Redevelopment,S6.33,26-0865,action,7101 Edgewater Drive,750000,"Subject: $750,000 Bay Area Air Quality Management District Grant From: Oakland Public Works Department Recommendation: Adopt A Resolution: (1) Accepting And Appropriating A Reimbursement Grant From The Bay Area Air Quality Management District Transportation Fund For Clean Air / Charge! Program In An Amount Not To Exceed Seven Hundred Fifty Thousand Dollars ($750,000) For Eligible Costs Associated With The Installation Of Fifteen (15) Two-Port Direct Current Fast Electric Vehicle Charging Stations, For A Total Of Thirty (30) Charging Ports, At The City’s Maintenance Service Center, 7101 Edgewater Drive, Oakland; (2) Authorizing The City Administrator To Execute The Grant Agreement And Related Documents; And (3) Adopting California Environmental Quality Act Exemption Findings",y,"$750K grant installing EV charging at 7101 Edgewater Drive; specific site, visible infrastructure."
oakland-238018,2026-07-14 *Finance & Management Committee,5,26-0828,informational,,,Subject: FY 2025-2028 Citywide Strategic Plan One-Year Update From: Office Of The City Administrator Recommendation: Receive An Informational Report From The City Administrator On The FY 2025-2028 Citywide Strategic Plan One-Year Update,n,Citywide strategic plan update; informational only.
oakland-237769,2026-07-14 *Finance & Management Committee,2,26-0834,unknown,,,Determination Of Schedule Of Outstanding Committee Items,n,Committee scheduling housekeeping.
oakland-238170,2026-07-23 *Rules and Legislation Committee - CANCELLED,4,26-0888,unknown,,,"Review Of Draft Agendas, Pending Lists, City Council And Committee Meetings",n,Agenda review housekeeping.
oakland-238379,2026-07-16 *Rules & Legislation Committee,3.23,26-0826,action,,2000000,"Subject: Seminary Point - Debt And Rent Forgiveness From: Economic And Workforce Development Department Recommendation:Adopt The Following Pieces Of Legislation: 1) A Resolution Authorizing The Forgiveness Of (A) A City Loan To Athena MT, LLC, Of Up To Two Million Dollars ($2,000,000) In Outstanding Principal, Plus All Accrued And Unpaid Interest And Fees, And (B) A City Revolving Line Of Credit To Siavash Afshar With A Final Outstanding Balance Of One Million Five Hundred Thousand ($1,500,000), Plus Accrued And Unpaid Interest And Fees For The Foothill Seminary Point Retail Project, Each Contingent Upon The Sale Or Transfer Of The Project To A Qualified Purchaser; And Making Appropriate California Environmental Quality Act Findings; And",y,Forgives $2M of city debt tied to the Seminary Point property; a specific site changing hands.
oakland-238023,2026-07-14 * Public Works And Transportation Committee,9,26-0854,action,,,Subject: City Response To 2025-2026 Alameda County Civil Grand Jury Report From: Office Of The City Administrator And Council President Jenkins Recommendation: Adopt A Resolution Authorizing The Council President To Submit A Response On Behalf Of The City Council To The 2025-2026 Alameda County Civil Grand Jury Report,n,Duplicate of the Grand Jury response; procedural.
oakland-238373,2026-07-16 *Rules & Legislation Committee,3.18,26-0805,action,,20881650,"Subject: Broadway Streetscape Improvements Construction Contract Award From: Department Of Transportation Recommendation: Adopt A Resolution (1) Awarding A Construction Contract To McGuire And Hester For The Broadway Streetscape Improvements Project Number 1006953, The Lowest Responsive And Responsible Bidder In Accord With Project Plans, Specifications, State Requirements, And With Contractor’s Bid In The Amount Of Twenty Million Eight Hundred Eighty-One Thousand Six Hundred Fifty Dollars ($20,881,650.00) And (2) Adopting Appropriate California Environmental Quality Act Findings",y,$20.9M construction contract to rebuild Broadway; months of visible disruption and change.
oakland-238415,2026-07-21 * Concurrent Meeting of the Oakland Redevelopment,S6.29,26-0876,action,,,"Subject: Reimbursement Resolution, General Obligation Bonds From: Finance Department Recommendation: Adopt A Resolution Declaring The City Council’s Official Intent To Reimburse Certain Expenditures From Proceeds Of Obligations For Project Costs In Connection With Oakland Trust For Clean Water And Safe Parks (Measure DD), Affordable Housing And Infrastructure (Measure KK), And 2022 Affordable Housing And Infrastructure Bond (Measure U)",n,"Technical bond reimbursement resolution; financing mechanics, not a project decision."
oakland-238389,2026-07-16 *Rules & Legislation Committee,3.32,26-0858,action,,,"Subject: Apricot 2026 Annual Report And Amended Use Policy From: Department Of Violence Prevention Recommendation: Adopt A Resolution Accepting The Department Of Violence Prevention’s 2026 Apricot Annual Report And Approving The Amended Apricot Use Policy As Approved By The Privacy Advisory Commission On June 4, 2026",n,Internal data-system use policy for a city department.
oakland-238197,2026-07-21 * Concurrent Meeting of the Oakland Redevelopment,6.7,26-0853,consent,,,"Subject: Consolidation Of The City Of Oakland's November 3, 2026 General Municipal Election From: Office Of The City Clerk Recommendation: Adopt An Ordinance (1) Calling And Giving Notice For The Holding Of A General Municipal Election On November 3, 2026 For The Purpose Of Submitting To The Electors Of The City Of Oakland Proposed Ballot Measure(s); (2) Requesting Consolidation Of The City Of Oakland General Municipal Election With The Statewide Election To Be Held In The City Of Oakland On November 3, 2026; And (3) Authorizing The City Clerk To Take All Actions Necessary To Hold The Municipal Election",y,"Calls the November election and sets what goes on the ballot; hard deadline, affects every voter."
oakland-238384,2026-07-16 *Rules & Legislation Committee,3.27,26-0817,action,,100000,"Subject: Construction Resource Center Grant Agreement For Mentor-Protégé Program Support Services From: Department Of Workplace And Employment Standards Recommendation: Adopt A Resolution Awarding A Grant To Construction Resource Center (CRC) In An Amount Not To Exceed One Hundred Thousand Dollars ($100,000) For Fiscal Year 2026-2027 To Support The Development And Implementation Of The City Of Oakland’s Mentor - Protégé Program, In Partnership With The National Association Of Minority Contractors - Northern California (NAMC - NorCal)",n,Grant for a contractor mentoring programme; internal workforce administration.
oakland-238430,2026-07-21 * Concurrent Meeting of the Oakland Redevelopment,,26-0827,action,,40000,"2) An Ordinance Authorizing The Forgiveness Of Outstanding And Future Rent Balances In An Amount Of Up To $40,000 For Seminary Point, LLC, Pursuant To A Ground Lease With The City, Contingent On The Sale Or Transfer of The Leasehold Interest In The Property To A Qualified Purchaser; And Making California Environmental Quality Act Findings",y,Rent forgiveness on the Seminary Point ground lease; part of the same site disposition.
oakland-238064,2026-07-14 *Finance & Management Committee,7,26-0876,action,,,"Subject: Reimbursement Resolution, General Obligation Bonds From: Finance Department Recommendation: Adopt A Resolution Declaring The City Council’s Official Intent To Reimburse Certain Expenditures From Proceeds Of Obligations For Project Costs In Connection With Oakland Trust For Clean Water And Safe Parks (Measure DD), Affordable Housing And Infrastructure (Measure KK), And 2022 Affordable Housing And Infrastructure Bond (Measure U)",n,Duplicate technical bond reimbursement resolution.
oakland-238392,2026-07-16 *Rules & Legislation Committee,3.35,26-0857,action,,3400000,"Subject: OPD RSI Helicopter Maintenance Contract From: Oakland Police Department Recommendation: Adopt A Resolution: (1) Authorizing The City Administrator To Enter Into A Professional Services Agreement With Rotorcraft Support, Inc. (RSI) To Provide Helicopter Maintenance Services To The Oakland Police Department (OPD), For The Period Of July 1, 2026, To June 30, 2028, In An Amount Not To Exceed One Million Seven Hundred Thousand Dollars ($1,700,000), With An Option To Extend The Agreement For Two Additional Years To June 30, 2030, For A Total Contract Not To Exceed Three Million, Four Hundred Thousand Dollars ($3,400,000); And (2) Waiving The Local And Small Business (LBE/SLBE) Enterprise Program Requirements",n,Police helicopter maintenance contract; internal equipment servicing.
oakland-238383,2026-07-16 *Rules & Legislation Committee,3.26,26-0870,action,,4827587,"Subject: Acceptance And Appropriation Of Workforce Development Funds For FY 2026-27 From: Economic And Workforce Development Department Recommendation: Adopt A Resolution Authorizing The Following Actions In Fiscal Year 2026-2027: (1) Accept And Appropriate Workforce Innovation And Opportunity (WIOA) Title I Formula Funds For Adult, Dislocated Worker, And Youth, And Rapid Response Services In An Amount Up To Four Million Eight Hundred Twenty-Seven Thousand Five Hundred Eighty-Seven Dollars ($4,827,587); (2) Accept And Appropriate California Volunteers Youth Service Corps Funding In An Amount Not To Exceed One Millon Nine Hundred Ninety-Three Thousand Nine Hundred Fourteen Dollars ($1,993,914) From California Volunteers Youth Service Corps Program For The Oakland Forward Initiative Through December 31, 2027; (3) Authorize The City Administrator To Execute Grant Agreements, Amendments, And Related Documents Necessary To Implement The Programs; And (4) Authorize The City Administrator To Apply For, Accept, And Appropriate Grants And Contributions For Workforce Development Services Beyond The WIOA Title I Formula Funding And Other Budgeted Funding Sources Up To Two Hundred Fifty Thousand Dollars ($250,000) Per Instance With The Approval Of The Oakland Workforce Development Board",n,Appropriates federal workforce formula funds; internal budget action.
oakland-238247,2026-07-21 * Concurrent Meeting of the Oakland Redevelopment,6.16,26-0894,consent,,,Subject: District 6 Appointment To The Cannabis Regulatory Commission From: Office Of The Mayor Recommendation: Adopt A Resolution Confirming The Appointment Of Terryn Buxton As A Member Of The Cannabis Regulatory Commission,n,Commission appointment; personnel.
oakland-238449,2026-07-21 * Concurrent Meeting of the Oakland Redevelopment,S6.53,26-0910,action,Grand Avenue,,"Subject: Grand Performance Mural From: Councilmember Wang Recommendation: Adopt A Resolution Authorizing The City Administrator To: (1) Enter Into An Agreement With The State Of California Department Of Transportation For The Sponsorship And Maintenance Of The “Grand Performance Mural” Restoration Project Located At The Grand Avenue Underpass Of Interstate 580 In Oakland; And (2) Enter Into An Agreement With SOA Village Housing Inc. (EVOAK!) For The Restoration Of The Mural And Ongoing Maintenance, In Coordination With Artists Daniel Galvez And Keith Sklar",y,Duplicate of the Grand Avenue mural; still a located neighbourhood amenity.
oakland-238406,2026-07-16 *Rules & Legislation Committee,3.4,26-0914,consent,,409737,"Subject: Severance Package From: Councilmember Houston Recommendation: Adopt A Resolution Authorizing And Directing The City Administrator To Execute A Severance Agreement Between The City Of Oakland And Jestin Johnson To Provide Johnson A Severance Payment In The Amount Of Four Hundred Nine Thousand Seven Hundred Thirty-Seven Dollars And Twenty-Four Cents ($409,737.24) In Exchange For Johnson’s Execution Of A General Release And Waiver Of Claims Against The City; On The July 21, 2026 City Council Agenda On Non Consent",n,Severance agreement for a departing employee; personnel.
oakland-237934,2026-07-14 * Public Works And Transportation Committee,4,26-0813,action,,1750000,"Subject: Collision Repair Contracts For Light And Heavy Vehicles From: Oakland Public Works Department Recommendation: Adopt A Resolution Authorizing The City Administrator To Award Contracts To (1) Ron Dupratt Ford Inc In An Amount Not-To-Exceed One Million Four Hundred Thousand Dollars ($1,400,000), To Provide Collision Repair And Body Shop Services For Light Vehicles For A Three-Year Term (September 1, 2026 To September 1, 2029), And Two One-Year Options To Renew, In Response To RFQ 406535; (2) Quality Body & Fender In An Amount Not-To-Exceed One Million Fifty Thousand Dollars ($1,050,000), To Provide Collision Repair And Body Shop Services For Light Vehicles For A Three-Year Term (September 1, 2026 To September 1, 2029), And Two One-Year Options To Renew, In Response To RFQ 406535; (3) Falcon Collision Repair Inc In An Amount Not-To-Exceed Five Hundred Twenty-Five Thousand Dollars ($525,000), To Provide Collision Repair And Body Shop Services For Light Vehicles For A Three-Year Term (September 1, 2026 To September 1, 2029), And Two One-Year Options To Renew, In Response To RFQ 406535; (4) Moeller Bros. Body Shop In An Amount Not-To-Exceed Five Hundred Twenty-Five Thousand Dollars ($525,000), To Provide Collision Repair And Body Shop Services For Light Vehicles For A Three-Year Term (September 1, 2026 To September 1, 2029), And Two One-Year Options To Renew, In Response To RFQ 406535; (5) Moeller Bros. Body Shop In An Amount Not-To-Exceed One Million Seven Hundred Fifty Thousand Dollars ($1,750,000), To Provide Collision Repair And Body Shop Services For Heavy Vehicles For A Three-Year Term (September 1, 2026 To 2 September 1, 2029), And Two One-Year Options To Renew, In Response To RFQ 406529; (6) Falcon Collision Repair Inc In An Amount Not-To-Exceed One Million Seven Hundred Fifty Thousand Dollars ($1,750,000), To Provide Collision Repair And Body Shop Services For Heavy Vehicles For A Three-Year Term (September 1, 2026 To September 1, 2029), And Two One-Year Options To Renew, In Response To RFQ 406529; (7) Making Findings Under Oakland Municipal Code Sections 2.04.050 And 2.04.051 And Waiving Any Further Formal Advertising And Bidding Requirements To The Extent Necessary; And (8) And Adopt Appropriate California Environmental Quality Act (CEQA) Findings",n,Duplicate internal fleet maintenance contract.
oakland-238433,2026-07-21 * Concurrent Meeting of the Oakland Redevelopment,S6.41,26-0870,action,,4827587,"Subject: Acceptance And Appropriation Of Workforce Development Funds For FY 2026-27 From: Economic And Workforce Development Department Recommendation: Adopt A Resolution Authorizing The Following Actions In Fiscal Year 2026-2027: (1) Accept And Appropriate Workforce Innovation And Opportunity (WIOA) Title I Formula Funds For Adult, Dislocated Worker, And Youth, And Rapid Response Services In An Amount Up To Four Million Eight Hundred Twenty-Seven Thousand Five Hundred Eighty-Seven Dollars ($4,827,587); (2) Accept And Appropriate California Volunteers Youth Service Corps Funding In An Amount Not To Exceed One Millon Nine Hundred Ninety-Three Thousand Nine Hundred Fourteen Dollars ($1,993,914) From California Volunteers Youth Service Corps Program For The Oakland Forward Initiative Through December 31, 2027; (3) Authorize The City Administrator To Execute Grant Agreements, Amendments, And Related Documents Necessary To Implement The Programs; And (4) Authorize The City Administrator To Apply For, Accept, And Appropriate Grants And Contributions For Workforce Development Services Beyond The WIOA Title I Formula Funding And Other Budgeted Funding Sources Up To Two Hundred Fifty Thousand Dollars ($250,000) Per Instance With The Approval Of The Oakland Workforce Development Board",n,Duplicate workforce funds appropriation.
oakland-238428,2026-07-21 * Concurrent Meeting of the Oakland Redevelopment,S6.39,26-0826,action,,2000000,"Subject: Seminary Point - Debt And Rent Forgiveness From: Economic And Workforce Development Department Recommendation:Adopt The Following Pieces Of Legislation: 1) A Resolution Authorizing The Forgiveness Of (A) A City Loan To Athena MT, LLC, Of Up To Two Million Dollars ($2,000,000) In Outstanding Principal, Plus All Accrued And Unpaid Interest And Fees, And (B) A City Revolving Line Of Credit To Siavash Afshar With A Final Outstanding Balance Of One Million Five Hundred Thousand ($1,500,000), Plus Accrued And Unpaid Interest And Fees For The Foothill Seminary Point Retail Project, Each Contingent Upon The Sale Or Transfer Of The Project To A Qualified Purchaser; And Making Appropriate California Environmental Quality Act Findings; And",y,Duplicate of the Seminary Point debt forgiveness; site-specific.
oakland-238019,2026-07-14 * Public Works And Transportation Committee,7,26-0805,action,,20881650,"Subject: Broadway Streetscape Improvements Construction Contract Award From: Department Of Transportation Recommendation: Adopt A Resolution (1) Awarding A Construction Contract To McGuire And Hester For The Broadway Streetscape Improvements Project Number 1006953, The Lowest Responsive And Responsible Bidder In Accord With Project Plans, Specifications, State Requirements, And With Contractor’s Bid In The Amount Of Twenty Million Eight Hundred Eighty-One Thousand Six Hundred Fifty Dollars ($20,881,650.00) And (2) Adopting Appropriate California Environmental Quality Act Findings",y,Duplicate of the Broadway streetscape award; major visible construction.
oakland-238390,2026-07-16 *Rules & Legislation Committee,3.33,26-0825,action,,513000,"Subject: Contract With Bright Research Group For Training And Capacity Building Services From: Department Of Violence Prevention Recommendation: Adopt A Resolution Authorizing The City Administrator To Enter Into A Professional Services Agreement With Bright Research Group Inc For Training And Capacity-Building Services For The Department Of Violence Prevention From September 1, 2026, Through December 31, 2028, For A Total Contract Amount Not To Exceed Five Hundred Thirteen Thousand Dollars ($513,000)",n,Training and capacity-building contract for city staff; internal.
oakland-238438,2026-07-21 * Concurrent Meeting of the Oakland Redevelopment,S6.46,26-0863,action,,,Subject: OPD Surveillance Technology 2025 Annual Reports From: Oakland Police Department Recommendation: Adopt A Resolution: (1) Accepting The 2025 Annual Reports For The Following City Of Oakland Police Department Surveillance Technologies: (A) Automated License Plate Readers; (B) Crime Lab Biometrics DNA Analysis Technology; (C) Forward Looking Infrared (FLIR); (D) Live Stream Transmitter; (E) Unmanned Aerial System (UAS Or Drone) ; (F) Forensic Logic CopLink/Crimetracer System; (G) Pen Register; And (H) Cellebrite; And (2) Making A Determination Regarding Whether The City Should Continue To Use Each Of These Technologies,y,Duplicate surveillance technology report; sets policy affecting residents.
oakland-238248,2026-07-21 * Concurrent Meeting of the Oakland Redevelopment,6.17,26-0895,consent,,,Subject: Appointment To Head Start Advisory Board From: Office Of The Mayor Recommendation: Adopt A Resolution Confirming The Mayor’s Appointment Of Page Tomblin As A Member Of The Head Start Advisory Board,n,Advisory board appointment; personnel.
oakland-238441,2026-07-21 * Concurrent Meeting of the Oakland Redevelopment,S6.49,26-0825,action,,513000,"Subject: Contract With Bright Research Group For Training And Capacity Building Services From: Department Of Violence Prevention Recommendation: Adopt A Resolution Authorizing The City Administrator To Enter Into A Professional Services Agreement With Bright Research Group Inc For Training And Capacity-Building Services For The Department Of Violence Prevention From September 1, 2026, Through December 31, 2028, For A Total Contract Amount Not To Exceed Five Hundred Thirteen Thousand Dollars ($513,000)",n,Duplicate internal training contract.
oakland-238381,2026-07-16 *Rules & Legislation Committee,3.24,26-0788,informational,,,"Subject: FY 2025-26, Quarter 1 And Quarter 2 Update On Code Enforcement’s Activities From: Planning And Building Department Recommendation: Receive An Informational Report Regarding The Fiscal Year 2025-26 Quarter 1 And Quarter 2 Update On The Planning And Building Department's Code Enforcement Activities",y,Code enforcement activity report; blight and violations are the complaints neighbourhood groups field most.
oakland-238274,2026-07-21 * Concurrent Meeting of the Oakland Redevelopment,6.24,26-0908,consent,Alameda County Superior Court,45000,"Subject: Ray Mueller V. City Of Oakland From: Office Of The City Attorney Recommendation: Adopt A Resolution Authorizing And Directing The City Attorney To Compromise And Settle The Case Of Ray Mueller V. City Of Oakland And DOES 1 Through 10, Inclusive, Alameda County Superior Court Case No. 25CV125388, City Attorney File No. 37431, In The Amount Of Forty-Five Thousand Dollars And Zero Cents ($45,000.00) (Department Of Transportation - Dangerous Condition Of Public Property)",n,Litigation settlement; no policy or location consequence.
oakland-237768,2026-07-14 *Finance & Management Committee,1,26-0833,unknown,,,"Approval Of The Draft Minutes From The Committee Meeting Of June 23, 2026",n,Routine approval of prior meeting minutes.
oakland-238194,2026-07-21 * Concurrent Meeting of the Oakland Redevelopment,6.3,26-0891,consent,,,"Subject: Declaration Of Medical Cannabis Health Emergency From: Office Of The Council President Recommendation: Adopt A Resolution Renewing The City Council's Declaration Of A Local Public Health Emergency With Respect To Safe, Affordable Access To Medical Cannabis In The City Of Oakland",n,Routine renewal of a standing emergency declaration.
oakland-237935,2026-07-14 * Public Works And Transportation Committee,5,26-0819,action,,364685,"Subject: Municipal Facility Energy Assessments Professional Services Agreement Award From: Oakland Public Works Department Recommendation: Adopt A Resolution Authorizing The City Administrator To Award And Execute A Professional Services Agreement With KW Engineering For Energy Assessment And Consulting Services In An Amount Not To Exceed Three Hundred Sixty-Four Thousand Six Hundred Eighty-Five Dollars ($364,685) For The Municipal Facility Energy Assessments Project (No. 1008000), And Adopting Appropriate California Environmental Quality Act Findings",n,Duplicate internal energy assessment contract.
oakland-238413,2026-07-21 * Concurrent Meeting of the Oakland Redevelopment,S6.27,26-0828,informational,,,Subject: FY 2025-2028 Citywide Strategic Plan One-Year Update From: Office Of The City Administrator Recommendation: Receive An Informational Report From The City Administrator On The FY 2025-2028 Citywide Strategic Plan One-Year Update,n,Duplicate citywide strategic plan update.
oakland-238436,2026-07-21 * Concurrent Meeting of the Oakland Redevelopment,S6.44,26-0872,action,,1319745,"Subject: AC-OCAP 2026 CSBG Resolution From: Human Services Department Recommendation: Adopt A Resolution (1) Accepting And Appropriating Anti-Poverty Community Services Block Grant (CSBG) In The Amount Of One Million Three Hundred Nineteen Thousand Seven Hundred Forty-Five Dollars ($1,319,745) Awarded By The California Department Of Community Services (CSD) And Development For The January 1, 2026 Through December 31, 2026 Program Year (2026 CSBG Program Year) And Discretionary Funds As It Becomes Available; (2) Authorizing The City Administrator To Accept And Appropriate Any Additional Grant Funds From CSD For The Same Purpose Within The 2026 CSBG Program Year; (3) Authorizing The Use Of General Purpose Funds To Pay The Human Services Department Internal Service Fund Charges In The Estimated Amount Of Fifty Six Thousand Six Hundred Ninety Two Dollars ($56,692) And Central Services Overhead Charges For 2026 CSBG Programs In The Estimated Amount Of One Hundred Seventy Eight Thousand Nine Hundred Sixty Eight Dollars ($178,968)",y,$1.3M anti-poverty block grant funding community services residents actually receive.
oakland-238020,2026-07-14 * Public Works And Transportation Committee,8,26-0846,action,West Oakland,400000,"Subject: REAP 2.0 HIT Funds For The West Oakland UBM Pilot From: Department Of Transportation Recommendation: Adopt A Resolution Authorizing The City Administrator To Finalize And Execute A Purchase Agreement With The Metropolitan Transportation Commission, As Administrator Of The Clipper Regional Transit Fare-Payment Program, In An Amount Not To Exceed Four Hundred Thousand Dollars ($400,000), Using Previously Appropriated Regional Early Action Planning 2.0 Higher Impact Transformative Grant Funds, To Purchase And Distribute Approximately 1,000 Prepaid Clipper Cards For The West Oakland Universal Basic Mobility Pilot; And Making Findings To Waive The City’s Formal Advertising, Competitive Bidding, And Request For Proposals/Qualifications",y,Duplicate West Oakland transit pilot; named neighbourhood.
oakland-238432,2026-07-21 * Concurrent Meeting of the Oakland Redevelopment,S6.40,26-0882,action,Ogawa Plaza,300000,"Subject: Professional Services Agreement With Barretto, Co. For Signage And Wayfinding Services From: Office Of The City Administrator Recommendation: Adopt A Resolution (1) Authorizing The City Administrator To Enter Into A Professional Services Agreement With Barretto-Co. LLC, An Oakland Certified Small Local Business Enterprise, For Signage And Wayfinding Graphic Design Services At 250 Frank H Ogawa Plaza, For A One-Year Term With The Option To Extend For An Additional One Year, For A Total Contract Amount Not To Exceed $300,000; And (2) Waiving The Competitive Request For Proposal/Qualifications Requirements",y,$300K signage and wayfinding around Ogawa Plaza; changes the streetscape downtown.
oakland-238022,2026-07-14 * Public Works And Transportation Committee,6,26-0865,action,7101 Edgewater Drive,750000,"Subject: $750,000 Bay Area Air Quality Management District Grant From: Oakland Public Works Department Recommendation: Adopt A Resolution: (1) Accepting And Appropriating A Reimbursement Grant From The Bay Area Air Quality Management District Transportation Fund For Clean Air / Charge! Program In An Amount Not To Exceed Seven Hundred Fifty Thousand Dollars ($750,000) For Eligible Costs Associated With The Installation Of Fifteen (15) Two-Port Direct Current Fast Electric Vehicle Charging Stations, For A Total Of Thirty (30) Charging Ports, At The City’s Maintenance Service Center, 7101 Edgewater Drive, Oakland; (2) Authorizing The City Administrator To Execute The Grant Agreement And Related Documents; And (3) Adopting California Environmental Quality Act Exemption Findings",y,Duplicate EV charging grant at 7101 Edgewater Drive.
oakland-238408,2026-07-16 *Rules & Legislation Committee,3.6,26-0909,informational,,,"Subject: Performance Audit Of The Vacant Property Tax From: Office Of The City Auditor Recommendation: Receive An Informational Report From The City Auditor On The Performance Audit Of The Vacant Property Tax; On The September 22, 2026 Finance And Management Committee Agenda",y,Audit of the vacant property tax; vacant buildings are a persistent neighbourhood grievance.
oakland-237933,2026-07-14 * Public Works And Transportation Committee,3,26-0807,action,AC Transit Fruitvale Avenue; Fruitvale,,Subject: AC Transit Fruitvale Avenue Cooperation Agreement From: Department Of Transportation Recommendation: Adopt A Resolution Authorizing The City Administrator To Execute An Inter-Governmental Cooperation Agreement With The Alameda-Contra Costa Transit District (AC Transit) For The Fruitvale Avenue Transit Signal Priority Project And Adopting Appropriate California Environmental Quality Act Findings,y,"Transit signal priority along the Fruitvale Avenue corridor; named street, changes how it works."
oakland-238367,2026-07-16 *Rules & Legislation Committee,3.12,26-0876,action,,,"Subject: Reimbursement Resolution, General Obligation Bonds From: Finance Department Recommendation: Adopt A Resolution Declaring The City Council’s Official Intent To Reimburse Certain Expenditures From Proceeds Of Obligations For Project Costs In Connection With Oakland Trust For Clean Water And Safe Parks (Measure DD), Affordable Housing And Infrastructure (Measure KK), And 2022 Affordable Housing And Infrastructure Bond (Measure U)",n,Duplicate technical bond reimbursement resolution.
oakland-238244,2026-07-21 * Concurrent Meeting of the Oakland Redevelopment,6.14,26-0877,consent,8750 Mountain Boulevard,,"Subject: Final Tract Map No. 8697 Subdivision Map (Oak Knoll Parcel 9) And Final Tract Map No. 8698 Subdivision Map (Oak Knoll Parcel 10) From: Department Of Transportation Recommendation: Adopt The Following Pieces Of Legislation: 1) A Resolution Conditionally Approving A Final Map For Tract No. 8697, Located At 8750 Mountain Boulevard (Oak Knoll Project Phase 1 Parcel 9), For A 35-Lot Subdivision Within Parcel 9 Of Tract 8320 As Part Of Property Owned By Oak Knoll Venture Acquisition, LLC; And Adopting Appropriate California Environmental Quality Act (CEQA) Findings; And",y,"Approves subdivision maps for Oak Knoll parcels at 8750 Mountain Boulevard, and it is on consent, so it passes silently."
oakland-238422,2026-07-21 * Concurrent Meeting of the Oakland Redevelopment,S6.34,26-0805,action,,20881650,"Subject: Broadway Streetscape Improvements Construction Contract Award From: Department Of Transportation Recommendation: Adopt A Resolution (1) Awarding A Construction Contract To McGuire And Hester For The Broadway Streetscape Improvements Project Number 1006953, The Lowest Responsive And Responsible Bidder In Accord With Project Plans, Specifications, State Requirements, And With Contractor’s Bid In The Amount Of Twenty Million Eight Hundred Eighty-One Thousand Six Hundred Fifty Dollars ($20,881,650.00) And (2) Adopting Appropriate California Environmental Quality Act Findings",y,Duplicate Broadway streetscape construction award.
oakland-238016,2026-07-14 *Finance & Management Committee,3,26-0824,action,,202500,"Subject: Grant Funds From The Oakland Fund For The Purposes Of A Technology Audit From: Office Of The Mayor Recommendation: Adopt A Resolution To Accept And Appropriate Grant Funds From The Oakland Fund In An Amount Not To Exceed Two Hundred And Two Thousand Five Hundred Dollars ($202,500) For A Comprehensive Independent Audit Of The City Of Oakland's Technology Systems",n,Grant funding an internal technology audit.
oakland-238377,2026-07-16 *Rules & Legislation Committee,3.22,26-0814,action,,10000000,"Subject: Chapter 8 Tax Sale Authorization From: Housing And Community Development Department Recommendation: Adopt The Following Pieces Of Legislation: 1) A Resolution (1) Authorizing The City Administrator To Remove Delinquent City Of Oakland Code Enforcement Liens And Unliened Fees, Costs, Assessments And Civil Penalties On Certain Tax Defaulted Properties, For A Period Of Four Years, To Facilitate The Development Of These Properties Into Affordable Housing Via Alameda County’s Chapter 8 Tax Sale Program, And (2) Limiting The Aggregate Amount Of Liens Removed Pursuant To This Authorization To A Nominal Value Not To Exceed Ten Million ($10,000,000) Dollars, And (3) Acknowledging The Transmutation Of These Code Enforcement Liens, Et. Al. Into Prorated Chapter 8 Sales Proceeds That Will Be Paid To The City Of Oakland; And",y,Authorises a tax sale and lien removal on delinquent properties; changes who owns specific parcels.
oakland-238401,2026-07-14 * Public Works And Transportation Committee,,26-0861,informational,,,"Subject: 2025 Safe Oakland Streets Informational Report From: Department Of Transportation Recommendation: Receive The 2025 Safe Oakland Streets (SOS) Annual Informational Report From The Department Of Transportation, In Coordination With The Oakland Police Department, The Department Of Race And Equity, And The City Administrator’s Office",y,Annual traffic safety report; collisions and street design are direct neighbourhood concerns.
oakland-238366,2026-07-16 *Rules & Legislation Committee,3.11,26-0875,action,,12399039,"Subject: Parking Operator Contract Extension From: Department Of Transportation Recommendation: Adopt A Resolution Authorizing The City Administrator To Amend The Professional Services Agreement With City Of Oakland Parking Partners For Operation And Management Of Municipal Parking Facilities To Extend The Term For Up To Three Years, Including A Two-Year Extension And An Optional Month-To-Month Extension For Up To One Additional Year, For A Total Amount Not To Exceed Twelve Million Three Hundred Ninety-Nine Thousand Thirty-Nine Dollars ($12,399,039); Waiving The Competitive Request For Proposals/Qualifications Requirement Under Oakland Municipal Code Section 2.04.051.B; And Adopting California Environmental Quality Act Exemption Findings",n,Extends the municipal parking operator contract; administration with no service change.
oakland-238440,2026-07-21 * Concurrent Meeting of the Oakland Redevelopment,S6.48,26-0858,action,,,"Subject: Apricot 2026 Annual Report And Amended Use Policy From: Department Of Violence Prevention Recommendation: Adopt A Resolution Accepting The Department Of Violence Prevention’s 2026 Apricot Annual Report And Approving The Amended Apricot Use Policy As Approved By The Privacy Advisory Commission On June 4, 2026",n,Duplicate internal data-system use policy.
oakland-238372,2026-07-16 *Rules & Legislation Committee,3.17,26-0865,action,7101 Edgewater Drive,750000,"Subject: $750,000 Bay Area Air Quality Management District Grant From: Oakland Public Works Department Recommendation: Adopt A Resolution: (1) Accepting And Appropriating A Reimbursement Grant From The Bay Area Air Quality Management District Transportation Fund For Clean Air / Charge! Program In An Amount Not To Exceed Seven Hundred Fifty Thousand Dollars ($750,000) For Eligible Costs Associated With The Installation Of Fifteen (15) Two-Port Direct Current Fast Electric Vehicle Charging Stations, For A Total Of Thirty (30) Charging Ports, At The City’s Maintenance Service Center, 7101 Edgewater Drive, Oakland; (2) Authorizing The City Administrator To Execute The Grant Agreement And Related Documents; And (3) Adopting California Environmental Quality Act Exemption Findings",y,Duplicate EV charging grant at a named site.
oakland-238411,2026-07-16 *Rules & Legislation Committee,3.2,26-0915,action,,411295,"Subject: Contract Agreement For James Beere As Oakland Police Chief From: Office Of The Mayor And The City Administrator's Office Recommendation: Adopt A Resolution Authorizing The City Administrator To Execute An Employment Agreement Between The City Of Oakland And The Chief Of Police, James Beere, For A Total Annual Compensation Of $411,294.96, Which Includes An Annual Salary Of $358,839.96 And Premium Pay Provided Under The Memorandum Of Understanding Between The City Of Oakland And The Oakland Police Management Association In The Amount Of $51,255 And A Uniform Allowance In The Amount Of $1,200, As Well As Either An Auto Allowance Of $750.00 Per Month Or Use Of A City Vehicle [TITLE CHANGE]",n,Employment contract for the police chief; personnel.
oakland-238380,2026-07-16 *Rules & Legislation Committee,,26-0827,action,,40000,"2) An Ordinance Authorizing The Forgiveness Of Outstanding And Future Rent Balances In An Amount Of Up To $40,000 For Seminary Point, LLC, Pursuant To A Ground Lease With The City, Contingent On The Sale Or Transfer of The Leasehold Interest In The Property To A Qualified Purchaser; And Making California Environmental Quality Act Findings",y,Duplicate Seminary Point rent forgiveness; site-specific.
oakland-238238,2026-07-21 * Concurrent Meeting of the Oakland Redevelopment,6.12,26-0728,consent,Wood Street,,"Subject: 2026 Miscellaneous Planning Code Amendments From: Planning And Building Department Recommendation: Adopt An Ordinance As Recommended By The Planning Commission, Amending Title 17 Of The Oakland Municipal Code (Oakland Planning Code): (1) Updating The Accessory Dwelling Unit Regulations For Consistency With State Law And Providing Written Findings Pursuant To Government Code 66326(b); (2) Revising Discontinuance Standards For Nonconforming Activities; (3) Removing Applicability Of S-10 Scenic Route Combining Zone Discretionary Standards To Ministerial Design Review; (4) Permitting Recreational Assembly Activities In The Wood Street D-WS-9 Zone; (5) Revising Minimum Front Setback In D-CO-2 Zone; (6) Removing A Review Deadline From Development Agreement Procedure In Section 17.138.030; (7) Revising Utility Screening Standards In Section 17.124.045; (8) Incorporating Conforming And Clerical Revisions; And (9) Making Appropriate California Environmental Quality Act Findings",y,Amends the Planning Code including accessory dwelling unit rules; changes what neighbours can build on their own lots.
oakland-238254,2026-07-21 * Concurrent Meeting of the Oakland Redevelopment,,26-0904,action,,,"2) A Resolution Rejecting The Police Commission Selection Panel’s Slate Of Two Commissioners, Ricardo Garcia-Acosta And Joey Harrison, To Serve On The Oakland Police Commission",n,Alternative resolution on a commission appointment; personnel.
oakland-238246,2026-07-21 * Concurrent Meeting of the Oakland Redevelopment,6.15,26-0881,consent,,,"Subject: Bay Area Urban Areas Security Initiative 2025-2030 Memorandum Of Understanding From: Oakland Fire Department Recommendation: Adopt A Resolution Authorizing The City Administrator To Enter Into A Governance Memorandum Of Understanding With The Bay Area Urban Areas Security Initiative (BAUASI) Approval Authority, Which Will Provide Overall Governance Of The UASI Grant Program As Well As Other Grant Programs Under The Jurisdiction Of The Approval Authority Across The Bay Area Region Effective December 1, 2025 Through November 30, 2030",n,Regional security governance MOU; no local action.
oakland-238195,2026-07-21 * Concurrent Meeting of the Oakland Redevelopment,6.4,26-0892,consent,,,Subject: Declaration Of A Local Emergency On Homelessness From: Office Of The Council President Recommendation: Adopt A Resolution Renewing And Continuing The City Council's Declaration Of A Local Emergency Due To The Existence Of The City’s Homelessness Crisis,n,Routine renewal of a standing emergency declaration.
oakland-238442,2026-07-21 * Concurrent Meeting of the Oakland Redevelopment,S6.50,26-0856,action,,324324,"Subject: OPD FY 2025 Edward Byrne Memorial Justice Assistance Grant From: Oakland Police Department Recommendation: Adopt A Resolution Authorizing The City Administrator To Apply For, Accept, And Appropriate Edward Byrne Memorial Justice Assistance Grant (JAG) Funds Up To Three Hundred Twenty-Four Thousand, Three Hundred Twenty-Four Dollars ($324,324.00) For The Fiscal Year 2025 Grant Award Period Of October 1, 2025 Through September 30, 2028, To Support Department-Wide Training, Equipment, Technology, And Operational Enhancements",n,Duplicate police grant acceptance; internal operations.
oakland-238385,2026-07-16 *Rules & Legislation Committee,3.28,26-0850,action,,5650302,"Subject: HUD Continuum Of Care Programs From: Human Services Department Recommendation: Adopt A Resolution (1) Accepting, Appropriating, And Authorizing Agreements For The Receipt Of Continuum Of Care (COC) Supportive Housing Program Renewal Funds From The U.S. Department Of Housing And Urban Development (HUD) In An Amount Not To Exceed $5,650,302; And (2) Awarding And/Or Amending The Grant Agreements To The Non-Profit Agencies, For The Terms, And In The Amounts Identified In Table 1 Using COC Funds And Other State And Local Funds; And (3) Authorizing The City Administrator To Identify Backup Funding From State And Local Sources That Have Been Appropriated For Homelessness Programs, And To Allocate Or Re-Allocate Such Funds To The Programs Identified In Table 1 To Continue Operation Through The Grant Terms In The Event COC Funding Is Delayed; And (4) Accepting And Appropriating Additional COC Funds That Become Available For The Same Purposes Within Both FY 2026-2027 And FY 2027-2028 And Authorizing The City Administrator To Amend The Grant Agreements To Adjust The Grant Terms And Amounts Within The Limits Of The Awards",y,$5.65M renewal of HUD supportive housing funding; keeps local homeless housing running.
oakland-237788,2026-07-14 * Public Works And Transportation Committee,2,26-0836,unknown,,,Determination Of Schedule Of Outstanding Committee Items,n,Committee scheduling housekeeping.
oakland-238365,2026-07-16 *Rules & Legislation Committee,3.10,26-0828,informational,,,Subject: FY 2025-2028 Citywide Strategic Plan One-Year Update From: Office Of The City Administrator Recommendation: Receive An Informational Report From The City Administrator On The FY 2025-2028 Citywide Strategic Plan One-Year Update,n,Duplicate citywide strategic plan update.
oakland-238417,2026-07-21 * Concurrent Meeting of the Oakland Redevelopment,S6.31,26-0807,action,AC Transit Fruitvale Avenue; Fruitvale,,Subject: AC Transit Fruitvale Avenue Cooperation Agreement From: Department Of Transportation Recommendation: Adopt A Resolution Authorizing The City Administrator To Execute An Inter-Governmental Cooperation Agreement With The Alameda-Contra Costa Transit District (AC Transit) For The Fruitvale Avenue Transit Signal Priority Project And Adopting Appropriate California Environmental Quality Act Findings,y,Duplicate Fruitvale Avenue transit agreement; named corridor.
oakland-238252,2026-07-21 * Concurrent Meeting of the Oakland Redevelopment,6.21,26-0899,consent,,,"Subject: Resolution In Support Of SB 954 (Blakespear) From: Councilmembers Wang And Brown Recommendation: Adopt A Resolution In Support of SB 954 (Blakespear), A Bill Changing The Non-Housing California Environmental Quality Act (CEQA) Exemption",n,Position letter on a state CEQA bill; no local action.
